{
  "objects": {
    "constraints": null,
    "extra_objects": [],
    "fix_objects": [
      {
        "com": [
          0,
          -0.03,
          0
        ],
        "data_info_dir": "objects/iros/handbag/iros_handbag_000/",
        "dynamic_friction": 1,
        "interaction": {
          "active": {
            "place": {
              "default": [
                {
                  "direction": [
                    2.220446049250313e-16,
                    -1.0,
                    0.0
                  ],
                  "xyz": [
                    0.0,
                    -0.10809767039250068,
                    0.0
                  ]
                }
              ]
            }
          },
          "passive": {
            "grasp": {
              "default": [
                "grasp_pose/grasp_pose.pkl"
              ]
            },
            "place": {
              "default": [
                {
                  "direction": [
                    2.220446049250313e-16,
                    -1.0,
                    0.0
                  ],
                  "xyz": [
                    0.0,
                    0.10786991845993492,
                    -4.4737252306336705e-09
                  ]
                }
              ]
            },
            "twist": {
              "default": [
                {
                  "direction": [
                    2.220446049250313e-16,
                    1.0,
                    0.0
                  ],
                  "xyz": [
                    0.0,
                    0.0889903899318834,
                    -4.4737252306336705e-09
                  ]
                }
              ]
            }
          }
        },
        "materialOptions": [
          "raw",
          "diffuse",
          "transparent"
        ],
        "model_path": "objects/iros/handbag/iros_handbag_000/Aligned.usd",
        "obj_path": "objects/iros/handbag/iros_handbag_000/Aligned.obj",
        "object_id": "iros_handbag_000",
        "original_model_path": "PAM/object_meshes/omniobject3d-bottle_001",
        "position": [
          -4.383232933843807,
          11.324462429805749,
          0.8729626035690325
        ],
        "quaternion": [
          0.4893876780721,
          0.510391712855135,
          0.5103917128551351,
          0.48938767807210004
        ],
        "size": [
          0.6566755676269531,
          0.21573983764648438,
          0.660122299194336
        ],
        "static_friction": 1,
        "upAxis": [
          "y"
        ]
      },
      {
        "data_info_dir": "objects/iros/beverage_bottle/iros_beverage_bottle_002/",
        "dynamic_friction": 0.8,
        "interaction": {
          "active": {
            "place": {
              "default": [
                {
                  "direction": [
                    2.220446049250313e-16,
                    -1.0,
                    0.0
                  ],
                  "xyz": [
                    0.0,
                    -0.10809767039250068,
                    0.0
                  ]
                }
              ]
            }
          },
          "passive": {
            "grasp": {
              "default": [
                "grasp_pose/grasp_pose.pkl"
              ]
            },
            "place": {
              "default": [
                {
                  "direction": [
                    2.220446049250313e-16,
                    -1.0,
                    0.0
                  ],
                  "xyz": [
                    0.0,
                    0.10786991845993492,
                    -4.4737252306336705e-09
                  ]
                }
              ]
            },
            "twist": {
              "default": [
                {
                  "direction": [
                    2.220446049250313e-16,
                    1.0,
                    0.0
                  ],
                  "xyz": [
                    0.0,
                    0.0889903899318834,
                    -4.4737252306336705e-09
                  ]
                }
              ]
            }
          }
        },
        "mass": 0.5,
        "materialOptions": [
          "raw",
          "diffuse",
          "transparent"
        ],
        "model_path": "objects/iros/beverage_bottle/iros_beverage_bottle_002/Aligned.usd",
        "model_type": "ConvexHull",
        "obj_path": "objects/iros/beverage_bottle/iros_beverage_bottle_002/Aligned.obj",
        "object_id": "iros_beverage_bottle_002",
        "original_model_path": "PAM/object_meshes/omniobject3d-bottle_001",
        "position": [
          -4.4141797949117105,
          10.804404760422411,
          0.78
        ],
        "quaternion": [
          0.0379797934822145,
          -0.19776204102922956,
          -0.9712956581117635,
          0.12661933086317298
        ],
        "size": [
          0.6566755676269531,
          0.21573983764648438,
          0.660122299194336
        ],
        "static_friction": 1,
        "upAxis": [
          "y"
        ]
      }
    ],
    "task_related_objects": []
  },
  "recording_setting": {
    "camera_list": [
      "/G1/head_link2/Head_Camera",
      "/G1/gripper_l_base_link/Left_Camera",
      "/G1/gripper_r_base_link/Right_Camera"
    ],
    "fps": 30,
    "num_of_episode": 6
  },
  "robot": {
    "arm": "right",
    "robot_cfg": "G1_omnipicker_old.json",
    "robot_id": "G1",
    "robot_init_pose": {
      "workspace_00": {
        "position": [
          -5.17,
          11.05,
          -0.01
        ],
        "quaternion": [
          1.0,
          0.0,
          0.0,
          0.0
        ]
      }
    }
  },
  "scene": {
    "function_space_objects": {
      "workspace_00": {
        "material_obj_prim": {},
        "position": [
          -4.03,
          -0.032,
          0.80621
        ],
        "quaternion": [
          1.0,
          0.0,
          0.0,
          0.0
        ],
        "size": [
          0,
          0,
          0
        ]
      },
      "workspace_00_extra": {
        "position": [
          -4.56,
          0.01,
          1.12314
        ],
        "quaternion": [
          1.0,
          0.0,
          0.0,
          0.0
        ],
        "size": [
          0,
          0,
          0
        ]
      },
      "workspace_00_ground": {
        "position": [
          -4,
          -0.07,
          0.5
        ],
        "quaternion": [
          1.0,
          0.0,
          0.0,
          0.0
        ],
        "size": [
          0.9,
          1,
          1
        ]
      }
    },
    "scene_id": "iros_supermarket_01/workspace_00",
    "scene_info_dir": "scenes/gs",
    "scene_usd": "scenes/gs/gs_pack_in_the_supermarket.usda"
  },
  "stages": [
    {
      "action": "pick",
      "active": {
        "object_id": "gripper",
        "primitive": null
      },
      "extra_params": {
        "pick_up_direction": "x",
        "pick_up_distance": 0.12
      },
      "passive": {
        "object_id": "iros_beverage_bottle_002",
        "primitive": null
      }
    }
  ],
  "task": "gs_pack"
}
