{
  "G1_120s": {
    "genie_task_cafe_espresso": {
      "init_arm_pose": [
        0.27,
        0.5235985,
        0.0,
        0.43633231,
        -1.105,
        1.074,
        0.534,
        -0.611,
        0.455,
        -0.28,
        -1.247,
        1.284,
        0.589,
        -0.73,
        1.426,
        -1.495,
        -0.078,
        0.188,
        null,
        0.8,
        null,
        0.8,
        null,
        null,
        null,
        null,
        null,
        null,
        null,
        null,
        null,
        null,
        null,
        null
      ]
    },
    "genie_task_cafe_toast": {
      "init_arm_pose": [
        0.27,
        0.5235985,
        0.0,
        0.43633231,
        -1.105,
        1.074,
        0.534,
        -0.611,
        0.455,
        -0.28,
        -1.247,
        1.284,
        0.589,
        -0.73,
        1.426,
        -1.495,
        -0.078,
        0.188,
        null,
        0.8,
        null,
        0.8,
        null,
        null,
        null,
        null,
        null,
        null,
        null,
        null,
        null,
        null,
        null,
        null
      ]
    },
    "genie_task_home_clean_desktop": {
      "init_arm_pose": [
        0.27,
        0.5235985,
        0.0,
        0.43633231,
        -1.105,
        1.074,
        0.534,
        -0.611,
        0.455,
        -0.28,
        -1.247,
        1.284,
        0.589,
        -0.73,
        1.426,
        -1.495,
        -0.078,
        0.188,
        null,
        0.8,
        null,
        0.8,
        null,
        null,
        null,
        null,
        null,
        null,
        null,
        null,
        null,
        null,
        null,
        null
      ]
    },
    "genie_task_home_collect_toy": {
      "init_arm_pose": [
        0.37,
        0.5235985,
        0.0,
        0.43633231,
        -1.105,
        1.074,
        0.534,
        -0.611,
        0.455,
        -0.28,
        -1.247,
        1.284,
        0.589,
        -0.73,
        1.426,
        -1.495,
        -0.078,
        0.188,
        null,
        0.8,
        null,
        0.8,
        null,
        null,
        null,
        null,
        null,
        null,
        null,
        null,
        null,
        null,
        null,
        null
      ]
    },
    "genie_task_home_microwave_food": {
      "init_arm_pose": [
        0.27,
        0.5235985,
        0.0,
        0.43633231,
        -1.105,
        1.074,
        0.534,
        -0.611,
        0.455,
        -0.28,
        -1.247,
        1.284,
        0.589,
        -0.73,
        1.426,
        -1.495,
        -0.078,
        0.188,
        null,
        0.8,
        null,
        0.8,
        null,
        null,
        null,
        null,
        null,
        null,
        null,
        null,
        null,
        null,
        null,
        null
      ]
    },
    "genie_task_home_open_drawer": {
      "init_arm_pose": [
        0.27,
        0.5235985,
        0.0,
        0.43633231,
        -1.105,
        1.074,
        0.534,
        -0.611,
        0.455,
        -0.28,
        -1.247,
        1.284,
        0.589,
        -0.73,
        1.426,
        -1.495,
        -0.078,
        0.188,
        null,
        0.8,
        null,
        0.8,
        null,
        null,
        null,
        null,
        null,
        null,
        null,
        null,
        null,
        null,
        null,
        null
      ]
    },
    "genie_task_home_pass_water": {
      "init_arm_pose": [
        0.47,
        0.5235985,
        0.0,
        0.43633231,
        -1.105,
        1.074,
        0.534,
        -0.611,
        0.455,
        -0.28,
        -1.247,
        1.284,
        0.589,
        -0.73,
        1.426,
        -1.495,
        -0.078,
        0.188,
        null,
        0.8,
        null,
        0.8,
        null,
        null,
        null,
        null,
        null,
        null,
        null,
        null,
        null,
        null,
        null,
        null
      ]
    },
    "genie_task_home_pour_water": {
      "init_arm_pose": [
        0.37,
        0.3235985,
        0.0,
        0.43633231,
        -1.105,
        1.074,
        0.534,
        -0.611,
        0.455,
        -0.28,
        -1.247,
        1.284,
        0.589,
        -0.73,
        1.426,
        -1.495,
        -0.078,
        0.188,
        null,
        0.8,
        null,
        0.8,
        null,
        null,
        null,
        null,
        null,
        null,
        null,
        null,
        null,
        null,
        null,
        null
      ]
    },
    "genie_task_home_wipe_dirt": {
      "init_arm_pose": [
        0.37,
        0.5235985,
        0.0,
        0.43633231,
        -1.105,
        1.074,
        0.534,
        -0.611,
        0.455,
        -0.28,
        -1.247,
        1.284,
        0.589,
        -0.73,
        1.426,
        -1.495,
        -0.078,
        0.188,
        null,
        0.8,
        null,
        0.8,
        null,
        null,
        null,
        null,
        null,
        null,
        null,
        null,
        null,
        null,
        null,
        null
      ]
    },
    "genie_task_supermarket_cashier_packing": {
      "init_arm_pose": [
        0.47,
        0.5235985,
        0.0,
        0.43633231,
        -1.105,
        1.074,
        0.534,
        -0.611,
        0.455,
        -0.28,
        -1.247,
        1.284,
        0.589,
        -0.73,
        1.426,
        -1.495,
        -0.078,
        0.188,
        null,
        0.8,
        null,
        0.8,
        null,
        null,
        null,
        null,
        null,
        null,
        null,
        null,
        null,
        null,
        null,
        null
      ]
    },
    "genie_task_supermarket_pack_fruit": {
      "init_arm_pose": [
        0.27,
        0.5235985,
        0.0,
        0.43633231,
        -1.105,
        1.074,
        0.534,
        -0.611,
        0.455,
        -0.28,
        -1.247,
        1.284,
        0.589,
        -0.73,
        1.426,
        -1.495,
        -0.078,
        0.188,
        null,
        0.8,
        null,
        0.8,
        null,
        null,
        null,
        null,
        null,
        null,
        null,
        null,
        null,
        null,
        null,
        null
      ]
    },
    "genie_task_supermarket_stock_shelf": {
      "init_arm_pose": [
        0.27,
        0.5235985,
        0.0,
        0.43633231,
        -1.105,
        1.074,
        0.534,
        -0.611,
        0.455,
        -0.28,
        -1.247,
        1.284,
        0.589,
        -0.73,
        1.426,
        -1.495,
        -0.078,
        0.188,
        null,
        0.8,
        null,
        0.8,
        null,
        null,
        null,
        null,
        null,
        null,
        null,
        null,
        null,
        null,
        null,
        null
      ]
    }
  },
  "G1_omnipicker": {
    "gs_clear_the_countertop_waste": {
      "init_arm_pose": [
        0.02,
        0.5061,
        0,
        0.4593,
        -1.074,
        1.075,
        0.6106,
        -0.61137,
        0.2808,
        -0.2807,
        -1.2839,
        1.2839,
        0.72,
        -0.7319,
        1.495,
        -1.495,
        -0.186,
        0.1876,
        null,
        1.0,
        null,
        1,
        0,
        null,
        null,
        null,
        null,
        null,
        null,
        null,
        null,
        null,
        null,
        null,
        null
      ]
    },